test-0001,A01,ねくたりしょん01
test-0002,A02,ねくたりしょん02
test-0003,A03,ねくたりしょん03
test-0004,A04,ねくたりしょん04
test-0005,A05,ねくたりしょん05
test-0006,A06,ねくたりしょん06
test-0007,A07,ねくたりしょん07
test-0008,A08,ねくたりしょん08
test-0009,A09,ねくたりしょん09
test-0010,A10,ねくたりしょん10
test-0011,A11,ねくたりしょん11
test-0012,A12,ねくたりしょん12
test-0013,A13,ねくたりしょん13
test-0014,A14,ねくたりしょん14
test-0015,A15,ねくたりしょん15
test-0016,A16,ねくたりしょん16
test-0017,A17,ねくたりしょん17
test-0018,A18,ねくたりしょん18
test-0019,A19,ねくたりしょん19
test-0020,A20,ねくたりしょん20
test-0021,A21,ねくたりしょん21
test-0022,A22,ねくたりしょん22
test-0023,A23,ねくたりしょん23
test-0024,A24,ねくたりしょん24
test-0025,A25,ねくたりしょん25
test-0026,A26,ねくたりしょん26
test-0027,A27,ねくたりしょん27
test-0028,A28,ねくたりしょん28
test-0029,A29,ねくたりしょん29
test-0030,A30,ねくたりしょん30
test-0031,A31,ねくたりしょん31
test-0032,A32,ねくたりしょん32
test-0033,A33,ねくたりしょん33
test-0034,A34,ねくたりしょん34
test-0035,A35,ねくたりしょん35
test-0036,A36,ねくたりしょん36
test-0037,A37,ねくたりしょん37
test-0038,A38,ねくたりしょん38
test-0039,A39,ねくたりしょん39
test-0040,A40,ねくたりしょん40
test-0041,B01,ねくたりしょん41
test-0042,B02,ねくたりしょん42
test-0043,B03,ねくたりしょん43
test-0044,B04,ねくたりしょん44
test-0045,B05,ねくたりしょん45
test-0046,B06,ねくたりしょん46
test-0047,B07,ねくたりしょん47
test-0048,B08,ねくたりしょん48
test-0049,B09,ねくたりしょん49
test-0050,B10,ねくたりしょん50
test-0051,B11,ねくたりしょん51
test-0052,B12,ねくたりしょん52
test-0053,B13,ねくたりしょん53
test-0054,B14,ねくたりしょん54
test-0055,B15,ねくたりしょん55
test-0056,B16,ねくたりしょん56
test-0057,B17,ねくたりしょん57
test-0058,B18,ねくたりしょん58
test-0059,B19,ねくたりしょん59
test-0060,B20,ねくたりしょん60
test-0061,B21,ねくたりしょん61
test-0062,B22,ねくたりしょん62
test-0063,B23,ねくたりしょん63
test-0064,B24,ねくたりしょん64
test-0065,B25,ねくたりしょん65
test-0066,B26,ねくたりしょん66
test-0067,B27,ねくたりしょん67
test-0068,B28,ねくたりしょん68
test-0069,B29,ねくたりしょん69
test-0070,B30,ねくたりしょん70
test-0071,B31,ねくたりしょん71
test-0072,B32,ねくたりしょん72
test-0073,B33,ねくたりしょん73
test-0074,B34,ねくたりしょん74
test-0075,B35,ねくたりしょん75
test-0076,B36,ねくたりしょん76
test-0077,B37,ねくたりしょん77
test-0078,B38,ねくたりしょん78
test-0079,B39,ねくたりしょん79
test-0080,B40,ねくたりしょん80
