test-0001	A01	ねくたり01
test-0002	A02	ねくたり02
test-0003	A03	ねくたり03
test-0004	A04	ねくたり04
test-0005	A05	ねくたり05
test-0006	A06	ねくたり06
test-0007	A07	ねくたり07
test-0008	A08	ねくたり08
test-0009	A09	ねくたり09
test-0010	A10	ねくたり10
test-0011	A11	ねくたり11
test-0012	A12	ねくたり12
test-0013	A13	ねくたり13
test-0014	A14	ねくたり14
test-0015	A15	ねくたり15
test-0016	A16	ねくたり16
test-0017	A17	ねくたり17
test-0018	A18	ねくたり18
test-0019	A19	ねくたり19
test-0020	A20	ねくたり20
test-0021	A21	ねくたり21
test-0022	A22	ねくたり22
test-0023	A23	ねくたり23
test-0024	A24	ねくたり24
test-0025	A25	ねくたり25
test-0026	A26	ねくたり26
test-0027	A27	ねくたり27
test-0028	A28	ねくたり28
test-0029	A29	ねくたり29
test-0030	A30	ねくたり30
test-0031	A31	ねくたり31
test-0032	A32	ねくたり32
test-0033	A33	ねくたり33
test-0034	A34	ねくたり34
test-0035	A35	ねくたり35
test-0036	A36	ねくたり36
test-0037	A37	ねくたり37
test-0038	A38	ねくたり38
test-0039	A39	ねくたり39
test-0040	A40	ねくたり40
test-0041	B01	ねくたり41
test-0042	B02	ねくたり42
test-0043	B03	ねくたり43
test-0044	B04	ねくたり44
test-0045	B05	ねくたり45
test-0046	B06	ねくたり46
test-0047	B07	ねくたり47
test-0048	B08	ねくたり48
test-0049	B09	ねくたり49
test-0050	B10	ねくたり50
test-0051	B11	ねくたり51
test-0052	B12	ねくたり52
test-0053	B13	ねくたり53
test-0054	B14	ねくたり54
test-0055	B15	ねくたり55
test-0056	B16	ねくたり56
test-0057	B17	ねくたり57
test-0058	B18	ねくたり58
test-0059	B19	ねくたり59
test-0060	B20	ねくたり60
test-0061	B21	ねくたり61
test-0062	B22	ねくたり62
test-0063	B23	ねくたり63
test-0064	B24	ねくたり64
test-0065	B25	ねくたり65
test-0066	B26	ねくたり66
test-0067	B27	ねくたり67
test-0068	B28	ねくたり68
test-0069	B29	ねくたり69
test-0070	B30	ねくたり70
test-0071	B31	ねくたり71
test-0072	B32	ねくたり72
test-0073	B33	ねくたり73
test-0074	B34	ねくたり74
test-0075	B35	ねくたり75
test-0076	B36	ねくたり76
test-0077	B37	ねくたり77
test-0078	B38	ねくたり78
test-0079	B39	ねくたり79
test-0080	B40	ねくたり80
